<?xml version="1.0" encoding="utf-8"?>
<?xml-stylesheet type="text/xsl" href="/schemas/mrd-1.5.xsl"?>
<MRData
	xmlns="http://ergast.com/mrd/1.5" series="f1" url="http://ergast.com/api/f1/current/last/results.xml" limit="30" offset="0" total="20">
	<RaceTable season="2022" round="4">
		<Race season="2022" round="4" url="http://en.wikipedia.org/wiki/2022_Emilia_Romagna_Grand_Prix">
			<RaceName>Emilia Romagna Grand Prix</RaceName>
			<Circuit circuitId="imola" url="http://en.wikipedia.org/wiki/Autodromo_Enzo_e_Dino_Ferrari">
				<CircuitName>Autodromo Enzo e Dino Ferrari</CircuitName>
				<Location lat="44.3439" long="11.7167">
					<Locality>Imola</Locality>
					<Country>Italy</Country>
				</Location>
			</Circuit>
			<Date>2022-04-24</Date>
			<Time>13:00:00Z</Time>
			<ResultsList>
				<Result number="1" position="1" positionText="1" points="26">
					<Driver driverId="max_verstappen" code="VER" url="http://en.wikipedia.org/wiki/Max_Verstappen">
						<PermanentNumber>33</PermanentNumber>
						<GivenName>Max</GivenName>
						<FamilyName>Verstappen</FamilyName>
						<DateOfBirth>1997-09-30</DateOfBirth>
						<Nationality>Dutch</Nationality>
					</Driver>
					<Constructor constructorId="red_bull" url="http://en.wikipedia.org/wiki/Red_Bull_Racing">
						<Name>Red Bull</Name>
						<Nationality>Austrian</Nationality>
					</Constructor>
					<Grid>1</Grid>
					<Laps>63</Laps>
					<Status statusId="1">Finished</Status>
					<Time millis="5527986">1:32:07.986</Time>
					<FastestLap rank="1" lap="55">
						<Time>1:18.446</Time>
						<AverageSpeed units="kph">225.281</AverageSpeed>
					</FastestLap>
				</Result>
				<Result number="11" position="2" positionText="2" points="18">
					<Driver driverId="perez" code="PER" url="http://en.wikipedia.org/wiki/Sergio_P%C3%A9rez">
						<PermanentNumber>11</PermanentNumber>
						<GivenName>Sergio</GivenName>
						<FamilyName>Pérez</FamilyName>
						<DateOfBirth>1990-01-26</DateOfBirth>
						<Nationality>Mexican</Nationality>
					</Driver>
					<Constructor constructorId="red_bull" url="http://en.wikipedia.org/wiki/Red_Bull_Racing">
						<Name>Red Bull</Name>
						<Nationality>Austrian</Nationality>
					</Constructor>
					<Grid>3</Grid>
					<Laps>63</Laps>
					<Status statusId="1">Finished</Status>
					<Time millis="5544513">+16.527</Time>
					<FastestLap rank="3" lap="52">
						<Time>1:18.949</Time>
						<AverageSpeed units="kph">223.845</AverageSpeed>
					</FastestLap>
				</Result>
				<Result number="4" position="3" positionText="3" points="15">
					<Driver driverId="norris" code="NOR" url="http://en.wikipedia.org/wiki/Lando_Norris">
						<PermanentNumber>4</PermanentNumber>
						<GivenName>Lando</GivenName>
						<FamilyName>Norris</FamilyName>
						<DateOfBirth>1999-11-13</DateOfBirth>
						<Nationality>British</Nationality>
					</Driver>
					<Constructor constructorId="mclaren" url="http://en.wikipedia.org/wiki/McLaren">
						<Name>McLaren</Name>
						<Nationality>British</Nationality>
					</Constructor>
					<Grid>5</Grid>
					<Laps>63</Laps>
					<Status statusId="1">Finished</Status>
					<Time millis="5562820">+34.834</Time>
					<FastestLap rank="7" lap="61">
						<Time>1:20.903</Time>
						<AverageSpeed units="kph">218.439</AverageSpeed>
					</FastestLap>
				</Result>
				<Result number="63" position="4" positionText="4" points="12">
					<Driver driverId="russell" code="RUS" url="http://en.wikipedia.org/wiki/George_Russell_%28racing_driver%29">
						<PermanentNumber>63</PermanentNumber>
						<GivenName>George</GivenName>
						<FamilyName>Russell</FamilyName>
						<DateOfBirth>1998-02-15</DateOfBirth>
						<Nationality>British</Nationality>
					</Driver>
					<Constructor constructorId="mercedes" url="http://en.wikipedia.org/wiki/Mercedes-Benz_in_Formula_One">
						<Name>Mercedes</Name>
						<Nationality>German</Nationality>
					</Constructor>
					<Grid>11</Grid>
					<Laps>63</Laps>
					<Status statusId="1">Finished</Status>
					<Time millis="5570492">+42.506</Time>
					<FastestLap rank="8" lap="57">
						<Time>1:20.962</Time>
						<AverageSpeed units="kph">218.280</AverageSpeed>
					</FastestLap>
				</Result>
				<Result number="77" position="5" positionText="5" points="10">
					<Driver driverId="bottas" code="BOT" url="http://en.wikipedia.org/wiki/Valtteri_Bottas">
						<PermanentNumber>77</PermanentNumber>
						<GivenName>Valtteri</GivenName>
						<FamilyName>Bottas</FamilyName>
						<DateOfBirth>1989-08-28</DateOfBirth>
						<Nationality>Finnish</Nationality>
					</Driver>
					<Constructor constructorId="alfa" url="http://en.wikipedia.org/wiki/Alfa_Romeo_in_Formula_One">
						<Name>Alfa Romeo</Name>
						<Nationality>Swiss</Nationality>
					</Constructor>
					<Grid>7</Grid>
					<Laps>63</Laps>
					<Status statusId="1">Finished</Status>
					<Time millis="5571167">+43.181</Time>
					<FastestLap rank="6" lap="43">
						<Time>1:20.758</Time>
						<AverageSpeed units="kph">218.831</AverageSpeed>
					</FastestLap>
				</Result>
				<Result number="16" position="6" positionText="6" points="8">
					<Driver driverId="leclerc" code="LEC" url="http://en.wikipedia.org/wiki/Charles_Leclerc">
						<PermanentNumber>16</PermanentNumber>
						<GivenName>Charles</GivenName>
						<FamilyName>Leclerc</FamilyName>
						<DateOfBirth>1997-10-16</DateOfBirth>
						<Nationality>Monegasque</Nationality>
					</Driver>
					<Constructor constructorId="ferrari" url="http://en.wikipedia.org/wiki/Scuderia_Ferrari">
						<Name>Ferrari</Name>
						<Nationality>Italian</Nationality>
					</Constructor>
					<Grid>2</Grid>
					<Laps>63</Laps>
					<Status statusId="1">Finished</Status>
					<Time millis="5584058">+56.072</Time>
					<FastestLap rank="2" lap="63">
						<Time>1:18.574</Time>
						<AverageSpeed units="kph">224.914</AverageSpeed>
					</FastestLap>
				</Result>
				<Result number="22" position="7" positionText="7" points="6">
					<Driver driverId="tsunoda" code="TSU" url="http://en.wikipedia.org/wiki/Yuki_Tsunoda">
						<PermanentNumber>22</PermanentNumber>
						<GivenName>Yuki</GivenName>
						<FamilyName>Tsunoda</FamilyName>
						<DateOfBirth>2000-05-11</DateOfBirth>
						<Nationality>Japanese</Nationality>
					</Driver>
					<Constructor constructorId="alphatauri" url="http://en.wikipedia.org/wiki/Scuderia_AlphaTauri">
						<Name>AlphaTauri</Name>
						<Nationality>Italian</Nationality>
					</Constructor>
					<Grid>12</Grid>
					<Laps>63</Laps>
					<Status statusId="1">Finished</Status>
					<Time millis="5589096">+1:01.110</Time>
					<FastestLap rank="5" lap="61">
						<Time>1:20.544</Time>
						<AverageSpeed units="kph">219.412</AverageSpeed>
					</FastestLap>
				</Result>
				<Result number="5" position="8" positionText="8" points="4">
					<Driver driverId="vettel" code="VET" url="http://en.wikipedia.org/wiki/Sebastian_Vettel">
						<PermanentNumber>5</PermanentNumber>
						<GivenName>Sebastian</GivenName>
						<FamilyName>Vettel</FamilyName>
						<DateOfBirth>1987-07-03</DateOfBirth>
						<Nationality>German</Nationality>
					</Driver>
					<Constructor constructorId="aston_martin" url="http://en.wikipedia.org/wiki/Aston_Martin_in_Formula_One">
						<Name>Aston Martin</Name>
						<Nationality>British</Nationality>
					</Constructor>
					<Grid>13</Grid>
					<Laps>63</Laps>
					<Status statusId="1">Finished</Status>
					<Time millis="5598878">+1:10.892</Time>
					<FastestLap rank="9" lap="47">
						<Time>1:21.211</Time>
						<AverageSpeed units="kph">217.610</AverageSpeed>
					</FastestLap>
				</Result>
				<Result number="20" position="9" positionText="9" points="2">
					<Driver driverId="kevin_magnussen" code="MAG" url="http://en.wikipedia.org/wiki/Kevin_Magnussen">
						<PermanentNumber>20</PermanentNumber>
						<GivenName>Kevin</GivenName>
						<FamilyName>Magnussen</FamilyName>
						<DateOfBirth>1992-10-05</DateOfBirth>
						<Nationality>Danish</Nationality>
					</Driver>
					<Constructor constructorId="haas" url="http://en.wikipedia.org/wiki/Haas_F1_Team">
						<Name>Haas F1 Team</Name>
						<Nationality>American</Nationality>
					</Constructor>
					<Grid>8</Grid>
					<Laps>63</Laps>
					<Status statusId="1">Finished</Status>
					<Time millis="5603246">+1:15.260</Time>
					<FastestLap rank="10" lap="61">
						<Time>1:21.238</Time>
						<AverageSpeed units="kph">217.538</AverageSpeed>
					</FastestLap>
				</Result>
				<Result number="18" position="10" positionText="10" points="1">
					<Driver driverId="stroll" code="STR" url="http://en.wikipedia.org/wiki/Lance_Stroll">
						<PermanentNumber>18</PermanentNumber>
						<GivenName>Lance</GivenName>
						<FamilyName>Stroll</FamilyName>
						<DateOfBirth>1998-10-29</DateOfBirth>
						<Nationality>Canadian</Nationality>
					</Driver>
					<Constructor constructorId="aston_martin" url="http://en.wikipedia.org/wiki/Aston_Martin_in_Formula_One">
						<Name>Aston Martin</Name>
						<Nationality>British</Nationality>
					</Constructor>
					<Grid>15</Grid>
					<Laps>62</Laps>
					<Status statusId="11">+1 Lap</Status>
					<FastestLap rank="16" lap="46">
						<Time>1:21.750</Time>
						<AverageSpeed units="kph">216.176</AverageSpeed>
					</FastestLap>
				</Result>
				<Result number="23" position="11" positionText="11" points="0">
					<Driver driverId="albon" code="ALB" url="http://en.wikipedia.org/wiki/Alexander_Albon">
						<PermanentNumber>23</PermanentNumber>
						<GivenName>Alexander</GivenName>
						<FamilyName>Albon</FamilyName>
						<DateOfBirth>1996-03-23</DateOfBirth>
						<Nationality>Thai</Nationality>
					</Driver>
					<Constructor constructorId="williams" url="http://en.wikipedia.org/wiki/Williams_Grand_Prix_Engineering">
						<Name>Williams</Name>
						<Nationality>British</Nationality>
					</Constructor>
					<Grid>18</Grid>
					<Laps>62</Laps>
					<Status statusId="11">+1 Lap</Status>
					<FastestLap rank="17" lap="61">
						<Time>1:21.757</Time>
						<AverageSpeed units="kph">216.157</AverageSpeed>
					</FastestLap>
				</Result>
				<Result number="10" position="12" positionText="12" points="0">
					<Driver driverId="gasly" code="GAS" url="http://en.wikipedia.org/wiki/Pierre_Gasly">
						<PermanentNumber>10</PermanentNumber>
						<GivenName>Pierre</GivenName>
						<FamilyName>Gasly</FamilyName>
						<DateOfBirth>1996-02-07</DateOfBirth>
						<Nationality>French</Nationality>
					</Driver>
					<Constructor constructorId="alphatauri" url="http://en.wikipedia.org/wiki/Scuderia_AlphaTauri">
						<Name>AlphaTauri</Name>
						<Nationality>Italian</Nationality>
					</Constructor>
					<Grid>17</Grid>
					<Laps>62</Laps>
					<Status statusId="11">+1 Lap</Status>
					<FastestLap rank="15" lap="34">
						<Time>1:21.713</Time>
						<AverageSpeed units="kph">216.274</AverageSpeed>
					</FastestLap>
				</Result>
				<Result number="44" position="13" positionText="13" points="0">
					<Driver driverId="hamilton" code="HAM" url="http://en.wikipedia.org/wiki/Lewis_Hamilton">
						<PermanentNumber>44</PermanentNumber>
						<GivenName>Lewis</GivenName>
						<FamilyName>Hamilton</FamilyName>
						<DateOfBirth>1985-01-07</DateOfBirth>
						<Nationality>British</Nationality>
					</Driver>
					<Constructor constructorId="mercedes" url="http://en.wikipedia.org/wiki/Mercedes-Benz_in_Formula_One">
						<Name>Mercedes</Name>
						<Nationality>German</Nationality>
					</Constructor>
					<Grid>14</Grid>
					<Laps>62</Laps>
					<Status statusId="11">+1 Lap</Status>
					<FastestLap rank="13" lap="50">
						<Time>1:21.419</Time>
						<AverageSpeed units="kph">217.054</AverageSpeed>
					</FastestLap>
				</Result>
				<Result number="31" position="14" positionText="14" points="0">
					<Driver driverId="ocon" code="OCO" url="http://en.wikipedia.org/wiki/Esteban_Ocon">
						<PermanentNumber>31</PermanentNumber>
						<GivenName>Esteban</GivenName>
						<FamilyName>Ocon</FamilyName>
						<DateOfBirth>1996-09-17</DateOfBirth>
						<Nationality>French</Nationality>
					</Driver>
					<Constructor constructorId="alpine" url="http://en.wikipedia.org/wiki/Alpine_F1_Team">
						<Name>Alpine F1 Team</Name>
						<Nationality>French</Nationality>
					</Constructor>
					<Grid>16</Grid>
					<Laps>62</Laps>
					<Status statusId="11">+1 Lap</Status>
					<FastestLap rank="18" lap="37">
						<Time>1:21.887</Time>
						<AverageSpeed units="kph">215.814</AverageSpeed>
					</FastestLap>
				</Result>
				<Result number="24" position="15" positionText="15" points="0">
					<Driver driverId="zhou" code="ZHO" url="http://en.wikipedia.org/wiki/Guanyu_Zhou">
						<PermanentNumber>24</PermanentNumber>
						<GivenName>Guanyu</GivenName>
						<FamilyName>Zhou</FamilyName>
						<DateOfBirth>1999-05-30</DateOfBirth>
						<Nationality>Chinese</Nationality>
					</Driver>
					<Constructor constructorId="alfa" url="http://en.wikipedia.org/wiki/Alfa_Romeo_in_Formula_One">
						<Name>Alfa Romeo</Name>
						<Nationality>Swiss</Nationality>
					</Constructor>
					<Grid>0</Grid>
					<Laps>62</Laps>
					<Status statusId="11">+1 Lap</Status>
					<FastestLap rank="11" lap="61">
						<Time>1:21.286</Time>
						<AverageSpeed units="kph">217.410</AverageSpeed>
					</FastestLap>
				</Result>
				<Result number="6" position="16" positionText="16" points="0">
					<Driver driverId="latifi" code="LAT" url="http://en.wikipedia.org/wiki/Nicholas_Latifi">
						<PermanentNumber>6</PermanentNumber>
						<GivenName>Nicholas</GivenName>
						<FamilyName>Latifi</FamilyName>
						<DateOfBirth>1995-06-29</DateOfBirth>
						<Nationality>Canadian</Nationality>
					</Driver>
					<Constructor constructorId="williams" url="http://en.wikipedia.org/wiki/Williams_Grand_Prix_Engineering">
						<Name>Williams</Name>
						<Nationality>British</Nationality>
					</Constructor>
					<Grid>19</Grid>
					<Laps>62</Laps>
					<Status statusId="11">+1 Lap</Status>
					<FastestLap rank="12" lap="62">
						<Time>1:21.338</Time>
						<AverageSpeed units="kph">217.271</AverageSpeed>
					</FastestLap>
				</Result>
				<Result number="47" position="17" positionText="17" points="0">
					<Driver driverId="mick_schumacher" code="MSC" url="http://en.wikipedia.org/wiki/Mick_Schumacher">
						<PermanentNumber>47</PermanentNumber>
						<GivenName>Mick</GivenName>
						<FamilyName>Schumacher</FamilyName>
						<DateOfBirth>1999-03-22</DateOfBirth>
						<Nationality>German</Nationality>
					</Driver>
					<Constructor constructorId="haas" url="http://en.wikipedia.org/wiki/Haas_F1_Team">
						<Name>Haas F1 Team</Name>
						<Nationality>American</Nationality>
					</Constructor>
					<Grid>10</Grid>
					<Laps>62</Laps>
					<Status statusId="11">+1 Lap</Status>
					<FastestLap rank="4" lap="55">
						<Time>1:18.999</Time>
						<AverageSpeed units="kph">223.704</AverageSpeed>
					</FastestLap>
				</Result>
				<Result number="3" position="18" positionText="18" points="0">
					<Driver driverId="ricciardo" code="RIC" url="http://en.wikipedia.org/wiki/Daniel_Ricciardo">
						<PermanentNumber>3</PermanentNumber>
						<GivenName>Daniel</GivenName>
						<FamilyName>Ricciardo</FamilyName>
						<DateOfBirth>1989-07-01</DateOfBirth>
						<Nationality>Australian</Nationality>
					</Driver>
					<Constructor constructorId="mclaren" url="http://en.wikipedia.org/wiki/McLaren">
						<Name>McLaren</Name>
						<Nationality>British</Nationality>
					</Constructor>
					<Grid>6</Grid>
					<Laps>62</Laps>
					<Status statusId="11">+1 Lap</Status>
					<FastestLap rank="14" lap="61">
						<Time>1:21.577</Time>
						<AverageSpeed units="kph">216.634</AverageSpeed>
					</FastestLap>
				</Result>
				<Result number="14" position="19" positionText="R" points="0">
					<Driver driverId="alonso" code="ALO" url="http://en.wikipedia.org/wiki/Fernando_Alonso">
						<PermanentNumber>14</PermanentNumber>
						<GivenName>Fernando</GivenName>
						<FamilyName>Alonso</FamilyName>
						<DateOfBirth>1981-07-29</DateOfBirth>
						<Nationality>Spanish</Nationality>
					</Driver>
					<Constructor constructorId="alpine" url="http://en.wikipedia.org/wiki/Alpine_F1_Team">
						<Name>Alpine F1 Team</Name>
						<Nationality>French</Nationality>
					</Constructor>
					<Grid>9</Grid>
					<Laps>6</Laps>
					<Status statusId="83">Chassis</Status>
					<FastestLap rank="19" lap="5">
						<Time>1:39.685</Time>
						<AverageSpeed units="kph">177.282</AverageSpeed>
					</FastestLap>
				</Result>
				<Result number="55" position="20" positionText="R" points="0">
					<Driver driverId="sainz" code="SAI" url="http://en.wikipedia.org/wiki/Carlos_Sainz_Jr.">
						<PermanentNumber>55</PermanentNumber>
						<GivenName>Carlos</GivenName>
						<FamilyName>Sainz</FamilyName>
						<DateOfBirth>1994-09-01</DateOfBirth>
						<Nationality>Spanish</Nationality>
					</Driver>
					<Constructor constructorId="ferrari" url="http://en.wikipedia.org/wiki/Scuderia_Ferrari">
						<Name>Ferrari</Name>
						<Nationality>Italian</Nationality>
					</Constructor>
					<Grid>4</Grid>
					<Laps>0</Laps>
					<Status statusId="4">Collision</Status>
				</Result>
			</ResultsList>
		</Race>
	</RaceTable>
</MRData>